Aktuellt och historik,,F26D,,S25,,F25D,,F24,S24,,F23,,S23,,F22,,S22,,S21,,S20,,S19,,Score,LIA-perioder,LIA-studerande,LIA-pitch 2025,LIA-pitch 2024,LIA-pitch 2023,LIA-pitch 2022
Företag,Stad,LIA2,LIA1,LIA 2,LIA 1,LIA2,LIA1,LIA,LIA2,LIA1,LIA2,LIA1,LIA2,LIA1,LIA2,LIA1,LIA2,LIA1,LIA2,LIA1,LIA2,LIA1,LIA2,LIA1,,,,,,,
ACG Devs,Borås,,,,Ja,,,2,2,2,,,2,2,1,,2,2,2,2,3,3,1,,1000613,13,26,Ja,Ja,Ja,Ja
Advacy/Imerge,Ulricehamn,,,,Kanske,,,,,1,,,,2,,,1,1,,,,,,,1000101,4,5,,,,Ja
Alektum Group,Göteborg,,,,,,,,,,,,,1,,,,,,,,,,,,1,1,,,,
Alimak Group,Borås,,,,Nej,, ,,1,1,,,, ,,1,3,2,1,,,,,,1000304,6,9,,,,Ja
Avarda (fd TF Bank),Borås,,,,3,,,,2,3,1,2,1,2,2,2,2,2,2,2,,1,1,1,1000711,16,29,,Ja,Ja,Ja
Axel Arigato,Göteborg,,,,,,,,,,,,,,,1,,,,,,,,,1000101,1,1,,,,
Axis Communications,,,,,,,1,,,,,,,,,,,,,,,,,,,1,1,,,,
Blåkläder,Svenljunga,,,,,,,,,,,1,, ,,,,,,,,,2,2,500204,3,5,,,,
Borås Stad (specialuppdrag),Borås,,,,,,,,,5,,,,,,,,,,,,,,,,1,5,,,,
Boråsnet (specialuppdrag),Borås,,,,,,,,,3,,,,,,,,,,,,,,,,1,3,,,,
Brainforest,Borås,,,,Ja,,,1,1,2,1,1,,1,,3,,,,1,2,2,2,2,1000612,12,19,,Ja,Ja,Ja
Brave Agency (fd Ngine),Göteborg/Borås,,,,,,,,,,,,,,,,,,,,,,1,1,500202,2,2,,,,Ja
BRvux (specialuppdrag),Borås,,,,,,,,,,,3,,,,4,,,,,,,,,,2,7,,,,
Bufferleaf,Umeå,,,,,,,,,,,1,,,,,,,,,,,,,,1,1,,,,
BuzzyStores/Swipe Solution,Borås,,,,Ja,,,,,2,,,2,,,,,,,,,,,,,2,4,,,,
Care Of Carl,Borås,,,,,,,1,,,,,,,,,,,,,,,,,,1,1,,,,
Centiro,Borås,,,,Ja,,1,1,5,4,1,1,3,3,1,2,4,6,4,9,1,2,3,4,1000831,18,55,Ja,Ja,Ja,Ja
China Town (specialuppdrag),Borås,,,,,,,,,,,,,,1,,,,,,,,,,,1,1,,,,
CleverApps,Borås,,,,,,,,,,1,1,2, ,,,2,2,2,2,2,,,,1000408,8,14,,,,Ja
Combinium,Borås,,,,,,,,,,,,,,1,,,,,,,,,,,1,1,,,,
Concil Lidköping,Lidköping,,,,,,2,,,,,,,,,1,,,,,,,,,1000101,2,3,,,,
Consid,Borås,,,,,,,,,,3,3,,,,1,,,2,1,1,,,,1000405,6,11,,,,Ja
Contact Media,Borås,,,,,,,,,,,1,,,,,,,,,,,,,,1,1,,,,
Covabe AB,,,,,,,,,1,,,,,,,,,,,,,,,,,1,1,,,,
Decision by Heart AB,,,,,,,1,,,,,,,,,,,,,,,,,,,1,1,,,,
Dialect,Slövde,,,,,,,,,,,1,,,,,,,,,,,,,,1,1,,,,
Duva (Carrier Pidgeon),Lidköping,,,,,,,,,,,,,,,1,,,,,1,,,,1000202,2,2,,,Nej,Ja
Effektiv Media,Borås,,,,,,,,,,2,,,,,,,,,,,,,,,1,2,,,,
Ekelund Styr (specialuppdrag),Borås,,,,,,,,,,4,,,,,,,,,,,,,,,1,4,,,,
Ellos,Borås,,,,,,,,,,1,1,, ,2,2,1,,,,3,2,2,2,1000511,9,16,,Ja,Nej,Ja
Ericsson,Borås,,,,,,,2,1,,,,1, ,2,1,,1,6,2,2,,,,1000512,9,18,,,,
Ericsson,Göteborg,,,,,,,,, ,,,,,1,,,,,,,,,,0,1,1,,,,
Erlin Business Company Ltd,Estland,,,,,,,,,,,,,,1,,,,,,,,,,,1,1,,,,
Eton Shirt,Borås,,,,,,,,,,,,,,2,2,,,,,,1,,,1000203,3,5,,,,Ja
Eurofins,Lidköping,,,,,,,,,,1,1,,,,,,,,,,,,,,2,2,,,,
Evolution Commerce,Borås,,,,,,,,,,,,,,,,,,,,1,,,,700101,1,1,,,,
Evolvit,Skövde,,,,,,,,,,1,,,,,,,,,,,,,,,1,1,,,,
Exsitec,Borås,,,,,,,,,,,,,,,,,,,,,2,1,2,700305,3,5,,,,
Fedelta,Borås,,,,Nej,,,,1,,1,1,1,3,,,,,,,,,,,,5,7,,Ja,Ja,
Folkuniversitetet Region Väst (specialuppdrag),Göteborg,,,,,,,2,,,,,,,,,,,,,,,,,,1,2,,,,
Forcit,Belgien,,,,,,,,,,1,1,,,,,,,,,,,,,,2,2,,,,
Gents.com,Helsingborg,,,,,,,,,,,,,,1,,,,,,,,,,,1,1,,,,
Gina Tricot,Borås,,,,,,,5,,,1,2,2,2,1,,,,,,3,,,,700103,7,16,,,,
GotIT,Göteborg,,,,,,,,,,,,,,,,,,,,,,1,1,500202,2,2,,,,
Grassfish,Varberg,,,,,,,,,,,,,,,,1,1,,,,,,,1000101,2,2,,,,
HEMG,Borås,,,,,,,,,,,,,,,,,,,,,1,,,600101,1,1,,,,
Hive & Five,Borås,,,,,,,,,,,,1, ,,,,,,,,,,,,1,1,,,,
Huskvarna Group,Jönköping,,,,,,,,,,,1,,,,,1,1,,,,,,,1000101,3,3,,,,
ICA Sverige AB,Borås,,,,,,,2,,,,,, ,,,2,2,1,,,,,,1000203,4,7,,,,
IETV,Gällstad,,,,Ja,,,,1,1,,,, ,,,,,,,,,,,,2,2,,Ja,Ja,
Inretnr (fd Easycom),Borås,,,,,,,,,,,,,,,,1,1,,,,,1,1,1000303,4,4,,,,Ja
Instant Systems,Borås,,,,,,,,,,,,,2,,,,1,,,,,,,1000101,2,3,,,Nej,Ja
ITCM,Kinna,,,,,,,,,,,,,,,,,,,,,,1,1,500202,2,2,,,,
Itiden,Göteborg,,,,,,,,,,,,,,,,,,,,,,1,,500101,1,1,,,,
Iver,Borås,,,,,,,,,,,,,,,,,,,,,1,,,600101,1,1,,,,
LDIT Service,Borås,,,,,,,,,,1,,,,,,,,,,,,,,,1,1,,,,
LIRO IT AB,,,,,,,1,,,,,,,,,,,,,,,,,,,1,1,,,,
Luday,Nigeria,,,,,,,,,,,1,,,,,,,,,,,,,,1,1,,,,
Luminator,Herrljunga,,,,,,,,,,,,2,,1,,,,,,,,,,,2,3,,,,
Maksimer,Borås,,,,Ja,,,,1,1,,1,1,2,,,1,,1,1,,,,,900202,8,9,,,Ja,
Mebyou,Borås,,,,Ja,,,,1,1,, ,, ,,,2,2,,,,,1,,1000203,5,7,,,Nej,Ja
MIO,Skövde,,,,,,,,,,,,,,2,3,,,,,,,,,1000103,2,5,,,,
Miss Mary,Borås,,,,,,,,,,,,1,,,,,,,,1,,,,700101,2,2,,,,
Nelly,Borås,,,,,,,,,,,,,,,,,,,1,1,1,1,1,800505,5,5,,,,
NetOnNet,Borås,,,,Ja,,,,1,1,,,2, ,2,2,2,2,2,2,,,2,2,1000612,11,20,,Ja,Ja,Ja
Nexer,Borås/VG,,,,,,,,,,,2,2,2,,,,,,,,,,,,3,6,,Ja,,
Nexer ,Göteborg,,,,,,,,,,,,,,,,,,,,,,,,,0,0,,,,
OptiChain,,,,,,,1,,,,,,,,,,,,,,,,,,,1,1,,,,
Play Along,Stockholm,,,,,,,,,,,,,,,,,,,,,,,1,500101,1,1,,,,
Playground TV,Göteborg,,,,,,,,,,,,,,,,,,,,,,1,,500101,1,1,,,,
PodManager.AI,,,,,,,13,1,,,,,,,,,,,,,,,,,,2,14,,,,
Precio Fishbone,Borås,,,,,,,,,,,,, ,,,2,2,,,,,,,1000102,2,4,,,,Ja
Pulsen omsorg,Borås,,,,,,,1,,,,,,,,,,,,,,,1,1,500202,3,3,,,,Ja
Recopart,Borås,,,,,,,,,,,,,,1,1,,,,,,,,,1000101,2,2,,,,
Remote24,Göteborg,,,,,,,,,,,,,,,,,,,,1,,,,700101,1,1,,,,
Revolution Race,Borås,,,,,,,,,,,,,,,,,,,,1,,,,700101,1,1,,,,
Rivercode,Borås,,,,,,,1,,,,,,,1,,,,,,,,,,,2,2,,,,
Rudholm Group,Borås,,,,,,,,2,,1,2,2,,,,,,,,,,,,,4,7,,,,
Rutin Sverige,Alingsås,,,,,,,,,,,,,,,,,,,,1,,,,700101,1,1,,,,
Scandinavian Photo,Borås,,,Ja,Nej,,,,1,,,,,,,,,,,,,,,,,1,1,,,,
Sebratech,Göteborg,,,,,,1,,1,,,,,,,,,,,,,,,,,2,2,,,,
Seriesam AB,,,,,,,,1,,,,,,,,,,,,,,,,,,1,1,,,,
Storigo,Luleå,,,,,,,,1,,,,,,,,,,,,,,,,,1,1,,,,
Stort och Smått ,,,,,,,1,,,,,,,,,,,,,,,,,,,1,1,,,,
Tech Stn. (fd Team Front),Borås,,,,,,,,,,,,2,1,,,,,,,,1,1,1,600303,5,6,,,,
Techstep,Borås,,,,Kanske,,,,2,1,1,1,,1,,,,,1,1,2,2,2,2,900610,11,16,,,Ja,
Tetra Pak - Global Information Management,,,,,,,1,,,,,,,,,,,,,,,,,,,1,1,,,,
Thelin Data,Lidköping,,,,,,,,,,,,,,,,,,,1,,1,,,800202,2,2,,,,
Tivala,Skövde,,,,,,,,,,,,,,1,,,,1,,,,,,900101,2,2,,,,
TKF (The Knowledge Formula),Distans,,,,,,1,,1,,,,,,,,,,,,,,,,,2,2,,,,
Toxic,Borås,,,,,,,,,,,,,,,1,,,,,,,1,1,1000303,3,3,,,,
Viskan System,Borås,,,,,,,,,,,,,,2,,,,,1,,,,,800101,2,3,,,,Ja
Volvo Group,Göteborg,,,,,,,,,,,,,,,,,,1,1,,,,,900202,2,2,,,,
Västra Götalandsregionen,Göteborg,,,,,,,,,,1,,,,,,,,,,,,,,,1,1,,,,
Webbpoolen,Sverige,,,,,,,,,,1,,,,,,,,,,,,,,,1,1,,,,
Wideco,Borås,,,,,,,,,,,,,,,,,,,,,,,1,500101,1,1,,,,
Winlas,Falköping,,,,,,,,1,,,,, ,,,,,,,,,,1,500101,2,2,,,Ja,
Wiström,Skövde,,,,,,,,,,,,,,1,,,,,,,,,,,1,1,,,,
Wooly Mammoth,,,,,,,1,,,,,,,,,,,,,,,,,,,1,1,,,,
Zuolfa Educational Platform,,,,,,,1,,,,,,,,,,,,,,,,,,,1,1,,,,
örebro design,Örebro,,,,,,1,,,,,,,,,,,,,,,,,,,1,1,,,,
Studerande på företag,,0,0,0,3,0,27,20,27,28,24,29,27,24,27,28,27,28,26,27,26,20,27,28,,,470,,,,
Ej bekräftad LIA,,30,30,27,24,25,,,,,,,,,,,,,,,,,,,,,,,,,
Unika företag i resp. LIA-period,,0,0,0,1,0,11,12,19,14,18,21,16,13,20,16,15,15,13,14,16,13,20,19,,98,,,9,14,19
,,,,,,,,,,,,,,,,,,,,,,,,,,,,,,,
 ,,,,,,,,,,,,,,,,,,,,,,,,,,,,,,,